"","F1","F2","F3","F4","F5","F6","F7","F8","F9","F10","F11","F12","F13","F14","F15","F16","F17","F18","F19","F20","F21","F22","F23","F24","F25","F26","F27","F28","F29","F30","F31","F32","F33","F34","F35","F36","F37","F38","F39","F40","F41","F42","F43","F44","F45","F46","F47","F48","F49","F50","F51","F52","F53","F54","F55","F56","F57","F58","F59","F60","F61","F62","F63","F64","F65","F66","F67","F68","F69","F70","F71","F72","F73","F74","F75","F76","F77","F78","F79","F80","F81","F82","F83","F84","F85","F86","F87","F88","F89","F90"
"1","1","2","2","2","1","2","1","1","2","1","2","1","1","1","2","1","2","1","2","1","2","2","2","1","1","2","2","2","1","1","1","2","1","2","1","1","2","2","2","1","2","1","1","2","1","2","1","1","1","2","1","2","1","2","1","2","2","2","1","1","2","2","2","1","1","1","2","1","2","1","1","1","2","1","1","2","3","1","2","1","2","3","2","3","3","2","6","4","4","6"
"2","1","2","2","2","1","1","1","1","1","2","1","2","1","2","1","1","1","2","2","2","2","2","2","2","2","2","1","1","1","2","1","1","1","2","2","1","2","2","2","1","1","1","1","1","2","1","2","1","2","1","1","1","2","2","2","2","2","2","2","2","2","1","1","1","2","1","1","1","2","2","2","2","2","1","1","2","3","3","2","2","3","2","1","1","4","5","4","1","3","11"
"3","2","1","1","1","2","2","2","2","2","1","2","1","2","1","2","2","2","1","1","1","1","1","1","1","1","1","2","2","2","1","2","2","2","1","1","2","1","1","1","2","2","2","2","2","1","2","1","2","1","2","2","2","1","1","1","1","1","1","1","1","1","2","2","2","1","2","2","2","1","1","2","2","2","1","1","2","3","3","2","2","3","2","1","3","4","5","4","1","3","11"
"4","2","1","1","1","2","1","2","2","1","2","1","2","2","2","1","2","1","2","1","2","1","1","1","2","2","1","1","1","2","2","2","1","2","1","2","1","2","2","2","1","2","1","1","2","1","2","1","1","1","2","1","2","1","2","1","2","2","2","1","1","2","2","2","1","1","1","2","1","2","1","2","2","2","2","2","2","2","2","2","2","2","2","2","2","2","2","2","2","2","1"
"5","1","1","2","2","1","2","2","2","2","1","1","1","1","1","2","1","1","2","2","2","1","1","1","2","1","1","2","2","1","2","2","1","2","2","2","2","2","1","1","2","1","1","1","1","2","2","2","2","2","1","2","2","1","1","1","2","2","2","1","2","2","1","1","2","1","1","2","1","1","1","1","2","1","1","1","1","2","1","3","1","2","2","3","2","4","6","2","4","3","8"
"6","2","1","2","1","1","2","1","2","1","2","1","1","2","2","2","2","1","1","2","1","2","1","2","1","2","2","2","2","1","2","2","1","1","1","1","1","2","1","2","2","1","2","1","2","1","2","2","1","1","1","1","2","2","1","2","1","2","1","2","1","1","1","1","2","1","1","2","2","2","2","2","1","1","2","1","2","1","1","2","2","2","1","1","2","5","3","6","6","3","10"
"7","2","2","1","2","1","2","1","2","1","2","1","1","1","1","2","1","2","1","1","1","2","2","1","2","1","2","1","1","2","2","2","1","2","1","2","1","1","2","1","2","1","2","1","2","1","2","2","2","2","1","2","1","2","2","2","1","1","2","1","2","1","2","2","1","1","1","2","1","2","1","1","2","2","2","1","2","2","1","3","1","3","3","1","4","5","2","1","3","5","2"
"8","2","2","1","1","1","2","2","2","2","1","1","1","1","2","1","2","2","2","2","1","1","1","2","1","2","2","1","1","1","1","1","1","2","2","2","2","2","1","1","1","2","2","2","2","1","1","1","1","2","1","2","2","2","2","1","1","1","2","1","2","2","1","1","1","1","1","1","2","2","2","1","2","1","2","1","2","1","3","3","2","2","3","1","3","6","1","5","4","2","4"
"9","2","1","2","2","2","2","2","1","1","1","1","1","2","2","2","1","1","1","1","2","1","1","2","1","1","2","1","1","2","2","1","2","1","2","2","2","1","2","2","2","2","2","1","1","1","1","1","2","2","2","1","1","1","1","2","1","1","2","1","1","2","1","1","2","2","1","2","1","2","2","1","1","2","1","1","2","2","3","1","3","1","2","1","3","5","4","2","6","6","6"
"10","2","2","2","2","1","2","2","1","1","2","2","2","2","1","2","1","1","2","1","1","1","1","2","2","2","1","2","1","1","1","1","1","2","1","1","2","2","2","2","1","2","2","1","1","2","2","2","2","1","2","1","1","2","1","1","1","1","2","2","2","1","2","1","1","1","1","1","2","1","1","1","1","1","2","2","2","2","1","2","2","1","3","3","3","6","4","4","5","3","12"
"11","2","2","1","1","2","1","1","1","1","2","1","1","1","2","2","1","1","2","2","2","1","2","2","1","1","1","2","2","1","1","2","2","2","1","2","1","1","2","2","1","2","2","2","2","1","2","2","2","1","1","2","2","1","1","1","2","1","1","2","2","2","1","1","2","2","1","1","1","2","1","2","1","1","1","1","2","3","1","1","3","2","2","1","4","6","6","1","5","2","3"
"12","1","2","2","2","1","1","1","1","1","2","1","2","1","2","1","1","1","2","2","2","2","2","2","2","2","2","1","1","1","2","1","1","1","2","2","2","1","1","1","2","2","2","2","2","1","2","1","2","1","2","2","2","1","1","1","1","1","1","1","1","1","2","2","2","1","2","2","2","1","1","2","1","1","1","1","2","1","2","2","1","3","3","2","2","4","4","5","3","6","3"
"13","2","1","1","1","2","2","2","2","2","1","2","1","2","1","2","2","2","1","1","1","1","1","1","1","1","1","2","2","2","1","2","2","2","1","1","1","2","2","2","1","1","1","1","1","2","1","2","1","2","1","1","1","2","2","2","2","2","2","2","2","2","1","1","1","2","1","1","1","2","2","2","1","1","1","1","2","1","2","2","1","3","3","2","4","4","4","5","3","6","3"
"14","1","2","1","2","2","1","2","1","2","1","2","2","1","1","1","1","2","2","1","2","1","2","1","2","1","1","1","1","2","1","1","2","2","2","2","1","2","1","2","2","1","2","1","2","1","2","2","1","1","1","1","2","2","1","2","1","2","1","2","1","1","1","1","2","1","1","2","2","2","2","1","2","2","1","2","1","1","1","2","2","2","1","1","3","2","6","3","3","6","10"
"15","1","2","2","2","2","2","1","2","1","1","1","2","2","2","1","1","1","1","2","1","1","2","1","1","2","1","1","2","2","1","2","1","2","2","1","2","1","1","1","1","1","2","1","2","2","2","1","1","1","2","2","2","2","1","2","2","1","2","2","1","2","2","1","1","2","1","2","1","1","2","1","1","2","2","1","1","2","2","2","3","1","3","1","4","4","3","6","1","2","9"
"16","1","1","1","2","1","1","2","2","2","2","1","2","1","2","2","1","1","1","2","2","2","1","1","1","2","2","2","1","2","1","1","2","2","1","1","1","1","1","2","1","1","2","2","2","2","1","2","1","2","2","1","1","1","2","2","2","1","1","1","2","2","2","1","2","1","1","2","2","1","1","1","1","1","1","1","1","2","2","2","2","2","2","2","3","5","5","5","5","5","1"
"17","2","2","2","1","2","2","1","1","1","1","2","1","2","1","1","2","2","2","1","1","1","2","2","2","1","1","1","2","1","2","2","1","1","2","2","2","2","2","1","2","2","1","1","1","1","2","1","2","1","1","2","2","2","1","1","1","2","2","2","1","1","1","2","1","2","2","1","1","2","2","1","1","1","1","1","1","2","2","2","2","2","2","2","1","5","5","5","5","5","1"
"18","2","2","1","1","2","1","1","1","1","2","2","2","2","2","1","2","2","1","1","1","2","2","2","1","2","2","1","1","2","1","1","2","1","1","1","2","2","1","1","2","1","1","1","1","2","2","2","2","2","1","2","2","1","1","1","2","2","2","1","2","2","1","1","2","1","1","2","1","1","1","2","1","1","1","2","1","1","3","2","3","2","2","3","3","4","1","6","2","4","2"
"19","2","2","1","2","1","2","1","2","1","2","1","1","1","1","2","1","2","1","1","1","2","2","1","2","1","2","1","1","2","2","2","1","2","1","2","2","2","1","2","1","2","1","2","1","2","1","1","1","1","2","1","2","1","1","1","2","2","1","2","1","2","1","1","2","2","2","1","2","1","2","2","1","1","1","2","1","2","1","3","1","3","3","1","3","2","5","4","6","2","2"
"20","1","2","2","2","2","2","1","2","1","1","1","2","2","2","1","1","1","1","2","1","1","2","1","1","2","1","1","2","2","1","2","1","2","2","1","1","2","2","2","2","2","1","2","1","1","1","2","2","2","1","1","1","1","2","1","1","2","1","1","2","1","1","2","2","1","2","1","2","2","1","2","2","1","1","2","2","2","2","2","3","1","3","1","3","1","6","3","4","5","9"
"21","2","2","2","1","2","2","1","1","2","2","2","1","1","2","2","2","1","1","2","2","2","1","1","2","1","1","1","1","2","1","1","1","2","2","1","1","1","1","2","1","1","2","2","1","1","1","2","2","1","1","1","2","2","1","1","1","2","2","1","2","2","2","2","1","2","2","2","1","1","2","2","1","2","1","2","1","2","1","1","3","3","1","2","2","1","2","6","5","3","4"
"22","2","2","2","1","1","1","2","2","2","2","2","1","2","1","1","1","1","2","2","2","1","2","1","1","1","2","1","2","2","2","1","1","1","1","1","1","1","1","2","2","2","1","1","1","1","1","2","1","2","2","2","2","1","1","1","2","1","2","2","2","1","2","1","1","1","2","2","2","2","2","1","2","1","1","2","2","1","2","3","1","1","2","1","4","3","5","6","5","6","7"
"23","1","1","2","1","2","1","2","1","2","1","2","2","2","2","1","2","1","2","2","2","1","1","2","1","2","1","2","2","1","1","1","2","1","2","1","2","2","1","2","1","2","1","2","1","2","1","1","1","1","2","1","2","1","1","1","2","2","1","2","1","2","1","1","2","2","2","1","2","1","2","1","2","2","2","1","2","2","1","3","1","3","3","1","2","5","2","1","3","5","2"
"24","2","2","1","1","2","1","1","1","2","1","1","2","2","1","2","1","2","1","2","2","1","1","1","2","2","2","2","1","1","2","2","1","1","2","1","2","2","1","1","2","1","1","1","2","1","1","2","2","1","2","1","2","1","2","2","1","1","1","2","2","2","2","1","1","2","2","1","1","2","1","1","1","1","2","2","2","1","3","1","1","3","2","2","3","2","6","6","1","5","12"
"25","1","1","1","2","1","1","2","2","1","1","1","2","2","1","1","1","2","2","1","1","1","2","2","1","2","2","2","2","1","2","2","2","1","1","2","1","1","1","2","1","1","2","2","1","1","1","2","2","1","1","1","2","2","1","1","1","2","2","1","2","2","2","2","1","2","2","2","1","1","2","2","2","1","1","2","2","1","1","1","2","3","2","3","3","3","2","5","6","1","9"
"26","1","2","2","1","1","1","1","2","1","1","1","1","2","1","1","2","1","2","1","2","2","1","2","2","1","2","2","1","2","1","2","2","2","2","1","2","1","1","2","2","2","2","1","2","2","2","2","1","2","2","1","2","1","2","1","1","2","1","1","2","1","1","2","1","2","1","1","1","1","2","1","2","2","2","1","2","3","2","1","2","1","1","2","4","3","6","5","1","3","2"
"27","1","1","2","1","2","1","1","2","1","2","2","1","1","2","2","1","2","2","1","1","1","1","1","2","2","2","2","2","2","1","1","1","1","2","2","2","2","1","2","1","2","2","1","2","1","1","2","2","1","1","2","1","1","2","2","2","2","2","1","1","1","1","1","1","2","2","2","2","1","1","2","1","1","2","1","2","3","3","1","1","1","3","3","4","1","5","2","2","5","10"
"28","2","1","1","2","1","1","1","1","2","2","2","1","2","1","1","1","1","1","2","1","1","1","2","2","2","2","1","2","2","1","2","2","2","2","2","2","1","1","2","1","1","1","1","2","2","2","1","2","1","1","1","1","1","2","1","1","1","2","2","2","2","1","2","2","1","2","2","2","2","2","2","1","1","1","2","1","3","2","1","2","1","1","2","1","6","3","2","4","6","2"
"29","1","2","1","2","2","1","2","1","1","1","2","1","2","2","1","2","1","1","2","1","2","1","1","2","1","2","2","2","1","2","1","1","2","1","2","1","2","1","2","2","1","2","1","1","1","2","1","2","2","1","2","1","1","2","1","2","1","1","2","1","2","2","2","1","2","1","1","2","1","2","2","1","2","2","1","1","3","1","2","3","3","1","3","3","2","4","5","4","5","7"
"30","1","2","1","2","2","1","2","1","2","1","2","2","1","1","1","1","2","2","1","2","1","2","1","2","1","1","1","1","2","1","1","2","2","2","2","2","1","2","1","1","2","1","2","1","2","1","1","2","2","2","2","1","1","2","1","2","1","2","1","2","2","2","2","1","2","2","1","1","1","1","2","1","1","2","1","2","1","1","2","2","2","1","1","4","5","3","6","6","3","10"
"31","1","2","2","1","1","2","2","1","2","2","1","1","2","2","1","1","2","1","1","2","2","1","1","2","2","1","1","2","1","1","2","2","1","1","2","1","2","2","1","1","2","2","1","2","2","1","1","2","2","1","1","2","1","1","2","2","1","1","2","2","1","1","2","1","1","2","2","1","1","2","2","1","2","2","2","2","1","3","2","3","1","1","2","3","3","5","1","3","2","8"
"32","1","2","1","2","2","2","1","2","2","2","1","1","2","2","1","1","2","2","2","1","1","1","2","2","1","1","2","1","2","2","1","2","1","1","1","1","2","1","2","2","2","1","2","2","2","1","1","2","2","1","1","2","2","2","1","1","1","2","2","1","1","2","1","2","2","1","2","1","1","1","1","2","2","1","2","1","2","2","3","3","3","2","2","1","6","4","1","1","4","10"
"33","1","1","1","1","2","1","1","2","2","1","1","1","1","2","1","2","2","1","2","2","2","2","1","1","1","2","1","2","2","2","2","2","1","2","2","1","1","1","1","2","1","1","2","2","1","1","1","1","2","1","2","2","1","2","2","2","2","1","1","1","2","1","2","2","2","2","2","1","2","2","1","1","1","2","2","2","2","1","2","2","1","3","3","1","6","4","4","5","3","12"
"34","2","1","1","1","1","1","2","1","2","2","2","1","1","1","2","2","2","2","1","2","2","1","2","2","1","2","2","1","1","2","1","2","1","1","2","1","2","2","2","2","2","1","2","1","1","1","2","2","2","1","1","1","1","2","1","1","2","1","1","2","1","1","2","2","1","2","1","2","2","1","1","1","2","2","1","1","2","2","2","3","1","3","1","2","4","3","6","1","2","9"
"35","2","1","1","1","2","1","2","2","1","2","1","2","2","2","1","2","1","2","1","2","1","1","1","2","2","1","1","1","2","2","2","1","2","1","2","2","1","1","1","2","1","2","2","1","2","1","2","2","2","1","2","1","2","1","2","1","1","1","2","2","1","1","1","2","2","2","1","2","1","2","1","1","2","1","1","2","3","1","2","1","2","3","2","1","3","2","6","4","4","6"
"36","1","1","1","1","2","2","2","1","1","1","1","1","2","1","2","1","2","2","2","2","2","2","2","2","2","2","1","2","2","1","1","1","2","1","1","2","2","2","2","1","1","1","2","2","2","2","2","1","2","1","2","1","1","1","1","1","1","1","1","1","1","2","1","1","2","2","2","1","2","2","1","2","2","2","1","2","1","3","2","3","2","2","3","2","1","4","3","5","1","2"
"37","2","2","1","1","1","1","2","2","2","1","1","2","2","2","2","1","1","1","1","1","2","2","2","2","1","1","2","2","2","1","1","1","1","2","2","2","2","1","1","1","1","2","2","2","1","1","2","2","2","2","1","1","1","1","1","2","2","2","2","1","1","2","2","2","1","1","1","1","2","2","2","2","2","1","1","2","1","1","3","3","1","3","2","1","2","3","2","5","1","11"
"38","2","2","2","2","1","1","1","2","2","2","2","2","1","2","1","2","1","1","1","1","1","1","1","1","1","1","2","1","1","2","2","2","1","2","2","1","1","1","1","2","2","2","1","1","1","1","1","2","1","2","1","2","2","2","2","2","2","2","2","2","2","1","2","2","1","1","1","2","1","1","1","2","2","2","1","2","1","3","2","3","2","2","3","4","1","4","3","5","1","2"
"39","2","1","1","2","2","2","2","1","2","2","2","2","1","2","2","1","2","1","2","1","1","2","1","1","2","1","1","2","1","2","1","1","1","1","2","1","2","2","1","1","1","1","2","1","1","1","1","2","1","1","2","1","2","1","2","2","1","2","2","1","2","2","1","2","1","2","2","2","2","1","1","2","2","2","1","2","3","2","1","2","1","1","2","2","3","6","5","1","3","2"
"40","1","2","1","2","1","2","1","1","2","1","2","1","2","2","2","2","1","2","1","2","1","2","1","1","2","2","2","1","2","1","2","1","1","1","2","2","1","2","1","2","1","2","2","1","2","1","2","1","1","1","1","2","1","2","1","2","1","2","2","1","1","1","2","1","2","1","2","2","2","1","2","2","2","1","1","1","3","2","3","3","2","1","1","2","1","5","5","6","4","12"
"41","2","1","2","1","1","1","2","1","1","1","2","2","1","1","2","2","1","1","1","2","2","2","1","1","2","2","1","2","1","1","2","1","2","2","2","2","1","2","1","1","1","2","1","1","1","2","2","1","1","2","2","1","1","1","2","2","2","1","1","2","2","1","2","1","1","2","1","2","2","2","1","2","2","1","2","1","2","2","3","3","3","2","2","3","6","4","1","1","4","10"
"42","2","2","2","1","2","2","1","1","1","1","2","1","2","1","1","2","2","2","1","1","1","2","2","2","1","1","1","2","1","2","2","1","1","2","2","1","1","1","2","1","1","2","2","2","2","1","2","1","2","2","1","1","1","2","2","2","1","1","1","2","2","2","1","2","1","1","2","2","1","1","1","2","1","1","1","1","3","2","1","2","3","3","1","2","2","4","6","2","1","8"
"43","2","2","1","1","2","1","1","1","1","2","1","1","1","2","2","1","1","2","2","2","1","2","2","1","1","1","2","2","1","1","2","2","2","1","2","2","2","1","1","2","1","1","1","1","2","1","1","1","2","2","1","1","2","2","2","1","2","2","1","1","1","2","2","1","1","2","2","2","1","2","1","2","2","2","2","1","3","1","1","3","2","2","1","3","3","3","4","2","5","3"
"44","1","2","1","1","1","1","1","2","2","2","2","2","1","1","1","2","2","2","2","1","2","2","1","2","2","1","2","2","1","1","2","1","2","1","1","1","2","1","1","1","1","1","2","2","2","2","2","1","1","1","2","2","2","2","1","2","2","1","2","2","1","2","2","1","1","2","1","2","1","1","1","1","2","1","1","2","2","3","1","3","1","2","1","1","5","4","2","6","6","6"
"45","1","1","1","1","1","2","1","1","2","2","1","2","2","2","2","2","1","2","1","1","1","2","1","2","1","2","1","2","1","2","1","2","2","2","1","2","2","2","2","2","1","2","2","1","1","2","1","1","1","1","1","2","1","2","2","2","1","2","1","2","1","2","1","2","1","2","1","1","1","2","2","1","2","1","2","1","1","3","3","2","2","3","1","4","3","4","2","1","5","4"
"46","1","2","2","2","2","1","1","2","2","2","1","2","2","1","2","2","2","1","1","2","1","1","2","1","1","2","1","2","1","1","1","1","2","1","2","2","1","1","1","1","2","2","1","1","1","2","1","1","2","1","1","1","2","2","1","2","2","1","2","2","1","2","1","2","2","2","2","1","2","1","2","2","1","2","2","1","2","3","1","3","1","2","1","2","2","1","5","3","3","6"
"47","1","1","1","2","1","1","2","2","2","2","1","2","1","2","2","1","1","1","2","2","2","1","1","1","2","2","2","1","2","1","1","2","2","1","1","2","2","2","1","2","2","1","1","1","1","2","1","2","1","1","2","2","2","1","1","1","2","2","2","1","1","1","2","1","2","2","1","1","2","2","1","2","1","1","1","1","3","2","1","2","3","3","1","4","2","4","6","2","1","8"
"48","1","1","2","2","1","2","2","2","1","2","2","1","1","2","1","2","1","2","1","1","2","2","2","1","1","1","1","2","2","1","1","2","2","1","2","2","2","1","1","2","1","1","1","2","1","1","2","2","1","2","1","2","1","2","2","1","1","1","2","2","2","2","1","1","2","2","1","1","2","1","2","2","2","1","1","1","1","3","1","1","3","2","2","2","5","3","3","4","2","12"
"49","1","1","1","2","1","1","2","2","1","2","2","1","2","2","2","2","2","1","2","2","1","2","2","2","1","1","1","1","1","1","2","1","1","2","1","2","2","2","1","2","2","1","1","2","1","1","2","1","1","1","1","1","2","1","1","2","1","1","1","2","2","2","2","2","2","1","2","2","1","2","2","2","2","1","1","1","2","1","2","2","1","3","3","4","3","1","1","2","6","12"
"50","2","2","1","2","1","2","2","1","2","1","1","2","2","1","1","2","1","1","2","2","2","2","2","1","1","1","1","1","1","2","2","2","2","1","1","2","2","1","2","1","2","2","1","2","1","1","2","2","1","1","2","1","1","2","2","2","2","2","1","1","1","1","1","1","2","2","2","2","1","1","2","2","1","2","1","1","1","2","1","3","2","3","3","1","5","2","4","1","6","5"
"51","1","1","2","2","2","1","1","1","1","2","2","2","2","1","2","1","1","1","1","2","2","2","1","2","1","1","2","2","2","2","2","2","1","1","1","2","2","1","1","1","2","2","2","2","1","1","1","1","2","1","2","2","2","2","1","1","1","2","1","2","2","1","1","1","1","1","1","2","2","2","2","2","1","2","2","1","3","1","2","1","2","3","2","2","6","5","3","1","1","6"
"52","1","1","2","1","2","1","2","1","2","1","2","2","2","2","1","2","1","2","2","2","1","1","2","1","2","1","2","2","1","1","1","2","1","2","1","1","1","2","1","2","1","2","1","2","1","2","2","2","2","1","2","1","2","2","2","1","1","2","1","2","1","2","2","1","1","1","2","1","2","1","2","1","1","1","2","1","2","1","3","1","3","3","1","1","2","5","4","6","2","2"
"53","2","1","1","2","2","1","1","2","1","1","2","2","1","1","2","2","1","2","2","1","1","2","2","1","1","2","2","1","2","2","1","1","2","2","1","1","2","2","1","1","2","2","1","2","2","1","1","2","2","1","1","2","1","1","2","2","1","1","2","2","1","1","2","1","1","2","2","1","1","2","1","1","1","2","2","1","3","3","2","2","3","2","1","2","1","2","1","4","6","11"
"54","1","2","1","1","2","2","2","2","1","2","2","2","2","1","2","1","1","2","2","1","2","1","1","1","1","2","1","1","1","1","2","2","1","2","2","1","2","1","1","2","2","2","2","1","2","2","2","2","1","2","1","1","2","2","1","2","1","1","1","1","2","1","1","1","1","2","2","1","2","2","2","1","2","2","2","2","3","2","1","2","3","3","1","1","5","1","3","5","4","8"
"55","2","1","1","2","2","2","1","2","2","1","2","2","1","2","1","1","1","2","1","2","2","1","2","2","1","2","1","2","1","1","2","1","1","1","1","2","1","1","2","2","2","1","2","2","1","2","2","1","2","1","1","1","2","1","2","2","1","2","2","1","2","1","2","1","1","2","1","1","1","1","1","1","2","1","1","2","1","2","3","2","3","1","3","3","1","6","4","2","2","6"
"56","1","1","1","1","1","1","1","1","1","1","1","1","1","1","1","1","1","1","1","1","1","1","1","1","1","1","1","1","1","1","1","1","1","1","1","1","1","1","1","1","1","1","1","1","1","1","1","1","1","1","1","1","1","1","1","1","1","1","1","1","1","1","1","1","1","1","1","1","1","1","1","1","1","1","1","1","1","1","1","1","1","1","1","1","1","1","1","1","1","1"
"57","1","1","1","2","1","1","2","2","1","2","2","1","2","2","2","2","2","1","2","2","1","2","2","2","1","1","1","1","1","1","2","1","1","2","1","1","1","1","2","1","1","2","2","1","2","2","1","2","2","2","2","2","1","2","2","1","2","2","2","1","1","1","1","1","1","2","1","1","2","1","2","1","2","2","1","1","2","3","1","2","2","3","2","3","4","6","1","6","1","7"
"58","1","1","2","2","2","1","1","1","1","2","2","2","2","1","2","1","1","1","1","2","2","2","1","2","1","1","2","2","2","2","2","2","1","1","1","1","1","2","2","2","1","1","1","1","2","2","2","2","1","2","1","1","1","1","2","2","2","1","2","1","1","2","2","2","2","2","2","1","1","1","1","2","1","2","1","2","1","3","3","2","2","3","1","1","6","1","5","4","2","4"
"59","2","1","2","2","2","1","2","1","2","2","1","1","2","2","1","1","2","2","1","1","2","2","1","1","1","2","2","1","1","1","2","1","2","2","1","2","1","2","2","2","1","2","1","2","2","1","1","2","2","1","1","2","2","1","1","2","2","1","1","1","2","2","1","1","1","2","1","2","2","1","1","1","1","2","2","2","3","2","3","3","2","1","1","1","4","2","2","3","1","12"
"60","2","2","2","2","1","1","1","2","2","2","2","2","1","2","1","2","1","1","1","1","1","1","1","1","1","1","2","1","1","2","2","2","1","2","2","2","2","2","2","1","1","1","2","2","2","2","2","1","2","1","2","1","1","1","1","1","1","1","1","1","1","2","1","1","2","2","2","1","2","2","2","2","1","1","2","2","3","3","3","1","2","1","2","3","5","4","1","2","3","9"
"61","1","2","2","2","2","1","1","2","2","2","1","2","2","1","2","2","2","1","1","2","1","1","2","1","1","2","1","2","1","1","1","1","2","1","2","1","2","2","2","2","1","1","2","2","2","1","2","2","1","2","2","2","1","1","2","1","1","2","1","1","2","1","2","1","1","1","1","2","1","2","2","1","2","2","2","2","2","1","3","1","2","2","3","1","1","3","5","1","6","8"
"62","1","1","1","2","2","2","1","1","1","1","1","2","1","2","2","2","2","1","1","1","2","1","2","2","2","1","2","1","1","1","2","2","2","2","2","2","2","2","1","1","1","2","2","2","2","2","1","2","1","1","1","1","2","2","2","1","2","1","1","1","2","1","2","2","2","1","1","1","1","1","1","2","1","1","2","2","1","2","3","1","1","2","1","2","3","5","6","5","6","7"
"63","2","2","1","2","1","1","1","2","1","1","2","1","2","2","2","1","2","2","1","2","2","1","1","1","2","1","1","2","1","2","1","2","2","2","1","2","2","1","2","1","1","1","2","1","1","2","1","2","2","2","1","2","2","1","2","2","1","1","1","2","1","1","2","1","2","1","2","2","2","1","1","1","1","1","1","1","3","3","3","3","3","3","3","1","3","3","3","3","3","1"
"64","2","2","2","1","2","2","1","1","2","1","1","2","1","1","1","1","1","2","1","1","2","1","1","1","2","2","2","2","2","2","1","2","2","1","2","1","1","1","2","1","1","2","2","1","2","2","1","2","2","2","2","2","1","2","2","1","2","2","2","1","1","1","1","1","1","2","1","1","2","1","2","2","2","1","1","1","2","1","2","2","1","3","3","2","3","1","1","2","6","12"
"65","1","2","1","1","1","1","1","2","2","2","2","2","1","1","1","2","2","2","2","1","2","2","1","2","2","1","2","2","1","1","2","1","2","1","1","2","1","2","2","2","2","2","1","1","1","1","1","2","2","2","1","1","1","1","2","1","1","2","1","1","2","1","1","2","2","1","2","1","2","2","2","2","2","2","2","2","1","1","1","1","1","1","1","2","4","4","4","4","4","1"
"66","2","1","1","2","2","2","2","1","2","2","2","2","1","2","2","1","2","1","2","1","1","2","1","1","2","1","1","2","1","2","1","1","1","1","2","2","1","1","2","2","2","2","1","2","2","2","2","1","2","2","1","2","1","2","1","1","2","1","1","2","1","1","2","1","2","1","1","1","1","2","1","2","2","2","2","1","1","2","2","1","3","3","2","1","1","1","2","6","3","3"
"67","2","2","1","2","1","1","1","2","1","1","2","1","2","2","2","1","2","2","1","2","2","1","1","1","2","1","1","2","1","2","1","2","2","2","1","1","1","2","1","2","2","2","1","2","2","1","2","1","1","1","2","1","1","2","1","1","2","2","2","1","2","2","1","2","1","2","1","1","1","2","1","1","1","2","2","1","2","2","1","1","2","1","3","2","3","4","3","6","2","11"
"68","2","2","2","1","2","2","1","1","2","2","2","1","1","2","2","2","1","1","2","2","2","1","1","2","1","1","1","1","2","1","1","1","2","2","1","2","2","2","1","2","2","1","1","2","2","2","1","1","2","2","2","1","1","2","2","2","1","1","2","1","1","1","1","2","1","1","1","2","2","1","2","2","1","1","2","2","1","1","1","2","3","2","3","1","3","2","5","6","1","9"
"69","2","2","2","2","1","1","2","1","1","1","1","2","1","2","2","2","2","2","2","1","1","1","1","2","1","2","1","2","2","1","2","2","1","1","1","1","1","1","1","2","2","1","2","2","2","2","1","2","1","1","1","1","1","1","2","2","2","2","1","2","1","2","1","1","2","1","1","2","2","2","1","1","2","1","2","2","2","3","2","1","3","1","1","2","6","3","5","2","1","5"
"70","1","1","1","1","2","2","1","2","2","2","2","1","2","1","1","1","1","1","1","2","2","2","2","1","2","1","2","1","1","2","1","1","2","2","2","2","2","2","2","1","1","2","1","1","1","1","2","1","2","2","2","2","2","2","1","1","1","1","2","1","2","1","2","2","1","2","2","1","1","1","1","1","2","1","2","2","2","3","2","1","3","1","1","4","6","3","5","2","1","5"
"71","2","2","1","1","2","1","1","1","1","2","2","2","2","2","1","2","2","1","1","1","2","2","2","1","2","2","1","1","2","1","1","2","1","1","1","1","1","2","2","1","2","2","2","2","1","1","1","1","1","2","1","1","2","2","2","1","1","1","2","1","1","2","2","1","2","2","1","2","2","2","1","2","1","1","1","1","2","1","3","1","2","2","3","4","4","6","2","4","3","8"
"72","1","2","2","1","2","1","2","2","2","1","2","1","1","2","2","1","1","1","1","1","1","2","2","2","2","2","1","1","1","2","2","2","2","1","1","1","2","2","1","2","1","2","2","2","1","2","1","1","2","2","1","1","1","1","1","1","2","2","2","2","2","1","1","1","2","2","2","2","1","1","1","2","1","2","1","2","3","2","2","1","1","2","3","1","2","3","1","6","4","4"
"73","2","1","2","1","1","2","1","2","2","2","1","2","1","1","2","1","2","2","1","2","1","2","2","1","2","1","1","1","2","1","2","2","1","2","1","1","2","1","2","2","1","2","1","1","1","2","1","2","2","1","2","1","1","2","1","2","1","1","2","1","2","2","2","1","2","1","1","2","1","2","1","2","1","1","2","2","3","1","2","3","3","1","3","2","5","1","2","1","2","7"
"74","2","2","1","1","2","1","1","1","2","1","1","2","2","1","2","1","2","1","2","2","1","1","1","2","2","2","2","1","1","2","2","1","1","2","1","1","1","2","2","1","2","2","2","1","2","2","1","1","2","1","2","1","2","1","1","2","2","2","1","1","1","1","2","2","1","1","2","2","1","2","2","2","2","1","1","1","1","3","1","1","3","2","2","4","5","3","3","4","2","12"
"75","1","2","2","1","1","1","2","1","1","2","1","1","2","1","2","2","2","1","2","1","1","2","1","1","2","1","2","1","2","2","1","2","2","2","2","1","2","2","1","1","1","2","1","1","2","1","1","2","1","2","2","2","1","2","1","1","2","1","1","2","1","2","1","2","2","1","2","2","2","2","1","1","2","1","1","2","1","2","3","2","3","1","3","1","1","6","4","2","2","6"
"76","2","1","1","2","2","1","1","2","1","1","2","2","1","1","2","2","1","2","2","1","1","2","2","1","1","2","2","1","2","2","1","1","2","2","1","2","1","1","2","2","1","1","2","1","1","2","2","1","1","2","2","1","2","2","1","1","2","2","1","1","2","2","1","2","2","1","1","2","2","1","2","1","2","2","2","2","1","3","2","3","1","1","2","1","3","5","1","3","2","8"
"77","2","1","2","2","2","1","1","2","2","1","1","1","2","1","2","2","1","2","2","1","2","2","1","2","2","1","1","1","1","1","1","2","1","1","2","2","1","2","2","2","1","1","2","2","1","1","1","2","1","2","2","1","2","2","1","2","2","1","2","2","1","1","1","1","1","1","2","1","1","2","2","2","1","2","1","1","3","1","3","2","1","2","2","3","1","4","6","3","2","5"
"78","1","1","1","1","2","2","1","2","2","2","2","1","2","1","1","1","1","1","1","2","2","2","2","1","2","1","2","1","1","2","1","1","2","2","2","1","1","1","1","2","2","1","2","2","2","2","1","2","1","1","1","1","1","1","2","2","2","2","1","2","1","2","1","1","2","1","1","2","2","2","1","2","2","1","2","1","3","3","1","1","1","3","3","3","4","2","5","5","2","10"
"79","1","2","1","1","2","2","2","2","1","2","2","2","2","1","2","1","1","2","2","1","2","1","1","1","1","2","1","1","1","1","2","2","1","2","2","2","1","2","2","1","1","1","1","2","1","1","1","1","2","1","2","2","1","1","2","1","2","2","2","2","1","2","2","2","2","1","1","2","1","1","1","1","1","2","2","1","1","1","3","3","1","3","2","2","5","6","5","2","4","11"
"80","1","1","2","1","1","1","1","1","2","1","2","2","2","2","2","1","2","2","2","1","2","1","2","1","1","1","1","1","2","2","2","1","2","1","2","2","2","1","2","2","2","2","2","1","2","1","1","1","1","1","2","1","1","1","2","1","2","1","2","2","2","2","2","1","1","1","2","1","2","1","1","2","1","1","2","2","2","3","1","2","2","3","2","4","1","3","4","3","4","7"
"81","2","2","2","2","2","1","2","2","1","1","2","1","1","1","1","1","2","1","2","2","2","1","2","1","2","1","2","1","2","1","2","1","1","1","2","1","1","1","1","1","2","1","1","2","2","1","2","2","2","2","2","1","2","1","1","1","2","1","2","1","2","1","2","1","2","1","2","2","2","1","2","1","2","1","2","1","1","3","3","2","2","3","1","2","3","4","2","1","5","4"
"82","1","1","1","1","2","1","1","2","2","1","1","1","1","2","1","2","2","1","2","2","2","2","1","1","1","2","1","2","2","2","2","2","1","2","2","2","2","2","2","1","2","2","1","1","2","2","2","2","1","2","1","1","2","1","1","1","1","2","2","2","1","2","1","1","1","1","1","2","1","1","1","1","2","2","1","1","1","1","1","2","3","2","3","2","6","5","2","3","4","9"
"83","1","2","1","2","2","1","2","1","1","1","2","1","2","2","1","2","1","1","2","1","2","1","1","2","1","2","2","2","1","2","1","1","2","1","2","2","1","2","1","1","2","1","2","2","2","1","2","1","1","2","1","2","2","1","2","1","2","2","1","2","1","1","1","2","1","2","2","1","2","1","1","2","1","1","2","2","3","1","2","3","3","1","3","4","5","1","2","1","2","7"
"84","1","2","1","1","1","2","2","1","1","2","2","2","1","2","1","1","2","1","1","2","1","1","2","1","1","2","2","2","2","2","2","1","2","2","1","2","1","2","2","2","1","1","2","2","1","1","1","2","1","2","2","1","2","2","1","2","2","1","2","2","1","1","1","1","1","1","2","1","1","2","2","1","1","1","1","2","2","3","3","2","1","1","3","2","2","2","3","1","4","3"
"85","2","1","1","1","1","1","2","1","2","2","2","1","1","1","2","2","2","2","1","2","2","1","2","2","1","2","2","1","1","2","1","2","1","1","2","2","1","1","1","1","1","2","1","2","2","2","1","1","1","2","2","2","2","1","2","2","1","2","2","1","2","2","1","1","2","1","2","1","1","2","2","2","1","1","2","2","2","2","2","3","1","3","1","1","1","6","3","4","5","9"
"86","2","1","1","2","1","2","1","1","1","2","1","2","2","1","1","2","2","2","2","2","2","1","1","1","1","1","2","2","2","1","1","1","1","2","2","2","1","1","2","1","2","1","1","1","2","1","2","2","1","1","2","2","2","2","2","2","1","1","1","1","1","2","2","2","1","1","1","1","2","2","1","2","1","2","1","2","3","2","2","1","1","2","3","3","2","3","1","6","4","4"
"87","2","1","2","2","1","1","1","1","2","1","1","1","1","2","1","2","2","1","1","2","1","2","2","2","2","1","2","2","2","2","1","1","2","1","1","1","2","1","1","2","2","2","2","1","2","2","2","2","1","2","1","1","2","2","1","2","1","1","1","1","2","1","1","1","1","2","2","1","2","2","1","1","1","2","2","1","1","1","3","3","1","3","2","4","5","6","5","2","4","11"
"88","1","2","1","2","1","2","1","1","2","1","2","1","2","2","2","2","1","2","1","2","1","2","1","1","2","2","2","1","2","1","2","1","1","1","2","1","2","1","2","1","2","1","1","2","1","2","1","2","2","2","2","1","2","1","2","1","2","1","1","2","2","2","1","2","1","2","1","1","1","2","2","1","2","2","1","1","1","2","3","1","1","2","1","1","6","2","3","2","3","7"
"89","1","1","2","2","2","2","1","1","1","2","2","1","1","1","1","2","2","2","2","2","1","1","1","1","2","2","1","1","1","2","2","2","2","1","1","1","1","2","2","2","2","1","1","1","2","2","1","1","1","1","2","2","2","2","2","1","1","1","1","2","2","1","1","1","2","2","2","2","1","1","2","2","2","1","1","2","1","1","3","3","1","3","2","3","2","3","2","5","1","11"
"90","1","2","2","1","1","1","2","1","1","2","1","1","2","1","2","2","2","1","2","1","1","2","1","1","2","1","2","1","2","2","1","2","2","2","2","2","1","1","2","2","2","1","2","2","1","2","2","1","2","1","1","1","2","1","2","2","1","2","2","1","2","1","2","1","1","2","1","1","1","1","2","1","1","2","1","2","2","2","3","3","3","2","2","2","3","1","4","4","1","10"
"91","2","1","2","1","1","2","1","2","1","2","1","1","2","2","2","2","1","1","2","1","2","1","2","1","2","2","2","2","1","2","2","1","1","1","1","2","1","2","1","1","2","1","2","1","2","1","1","2","2","2","2","1","1","2","1","2","1","2","1","2","2","2","2","1","2","2","1","1","1","1","1","2","2","1","2","1","1","1","2","2","2","1","1","1","2","6","3","3","6","10"
"92","1","1","2","2","2","2","1","1","1","2","2","1","1","1","1","2","2","2","2","2","1","1","1","1","2","2","1","1","1","2","2","2","2","1","1","2","2","1","1","1","1","2","2","2","1","1","2","2","2","2","1","1","1","1","1","2","2","2","2","1","1","2","2","2","1","1","1","1","2","2","2","2","1","2","2","1","1","2","3","2","3","1","3","4","4","3","1","5","5","6"
"93","2","2","2","2","1","1","2","1","1","1","1","2","1","2","2","2","2","2","2","1","1","1","1","2","1","2","1","2","2","1","2","2","1","1","1","2","2","2","2","1","1","2","1","1","1","1","2","1","2","2","2","2","2","2","1","1","1","1","2","1","2","1","2","2","1","2","2","1","1","1","1","2","2","1","2","1","3","3","1","1","1","3","3","1","4","2","5","5","2","10"
"94","1","1","2","1","1","1","1","1","2","1","2","2","2","2","2","1","2","2","2","1","2","1","2","1","1","1","1","1","2","2","2","1","2","1","2","1","1","2","1","1","1","1","1","2","1","2","2","2","2","2","1","2","2","2","1","2","1","2","1","1","1","1","1","2","2","2","1","2","1","2","1","2","2","2","2","1","2","3","3","2","1","1","3","3","5","5","6","4","1","3"
"95","1","2","1","2","2","2","1","2","2","2","1","1","2","2","1","1","2","2","2","1","1","1","2","2","1","1","2","1","2","2","1","2","1","1","1","2","1","2","1","1","1","2","1","1","1","2","2","1","1","2","2","1","1","1","2","2","2","1","1","2","2","1","2","1","1","2","1","2","2","2","1","1","2","1","2","2","3","1","3","2","1","2","2","2","4","1","3","6","5","5"
"96","1","1","2","2","1","2","2","2","2","1","1","1","1","1","2","1","1","2","2","2","1","1","1","2","1","1","2","2","1","2","2","1","2","2","2","1","1","2","2","1","2","2","2","2","1","1","1","1","1","2","1","1","2","2","2","1","1","1","2","1","1","2","2","1","2","2","1","2","2","2","2","1","1","1","2","1","1","3","2","3","2","2","3","1","4","1","6","2","4","2"
"97","2","1","2","2","2","1","2","1","2","2","1","1","2","2","1","1","2","2","1","1","2","2","1","1","1","2","2","1","1","1","2","1","2","2","1","1","2","1","1","1","2","1","2","1","1","2","2","1","1","2","2","1","1","2","2","1","1","2","2","2","1","1","2","2","2","1","2","1","1","2","1","1","2","1","2","2","1","2","1","3","2","3","3","2","2","5","1","4","3","5"
"98","2","1","2","1","1","2","1","2","1","1","2","2","2","2","1","1","2","1","2","2","1","2","1","2","1","2","2","1","1","1","1","2","2","1","2","1","2","1","2","2","1","2","1","2","2","1","1","1","1","2","2","1","2","1","1","2","1","2","1","2","1","1","2","2","2","2","1","1","2","1","2","2","2","2","2","2","3","3","3","3","3","3","3","2","6","6","6","6","6","1"
"99","1","2","2","1","2","2","2","2","1","1","1","2","1","2","2","2","2","2","1","2","2","2","1","1","1","1","2","1","1","2","1","1","1","1","1","2","1","1","2","1","1","1","1","2","2","2","1","2","1","1","1","1","1","2","1","1","1","2","2","2","2","1","2","2","1","2","2","2","2","2","1","2","1","1","1","1","1","3","2","3","1","1","2","4","6","2","4","6","5","8"
"100","2","2","1","2","2","2","2","2","1","2","1","1","1","1","1","2","1","1","1","2","1","2","1","2","2","2","2","2","1","1","1","2","1","2","1","1","1","2","1","1","1","1","1","2","1","2","2","2","2","2","1","2","2","2","1","2","1","2","1","1","1","1","1","2","2","2","1","2","1","2","1","2","1","1","2","2","2","3","1","2","2","3","2","2","1","3","4","3","4","7"
"101","1","1","2","2","1","2","2","2","2","1","2","2","2","1","1","2","2","1","1","1","2","1","1","2","2","2","1","1","2","2","1","1","1","2","1","1","1","2","2","1","2","2","2","2","1","2","2","2","1","1","2","2","1","1","1","2","1","1","2","2","2","1","1","2","2","1","1","1","2","1","1","2","2","2","2","1","3","1","1","3","2","2","1","1","3","3","4","2","5","3"
"102","1","1","1","1","1","2","1","1","2","2","1","2","2","2","2","2","1","2","1","1","1","2","1","2","1","2","1","2","1","2","1","2","2","2","1","1","1","1","1","1","2","1","1","2","2","1","2","2","2","2","2","1","2","1","1","1","2","1","2","1","2","1","2","1","2","1","2","2","2","1","2","2","2","1","1","2","2","2","1","1","2","1","3","3","6","1","6","3","5","11"
"103","2","2","2","2","1","2","2","1","1","2","2","2","2","1","2","1","1","2","1","1","1","1","2","2","2","1","2","1","1","1","1","1","2","1","1","1","1","1","1","2","1","1","2","2","1","1","1","1","2","1","2","2","1","2","2","2","2","1","1","1","2","1","2","2","2","2","2","1","2","2","1","1","2","2","1","1","1","1","1","2","3","2","3","4","6","5","2","3","4","9"
"104","2","1","2","1","1","1","2","1","1","1","2","2","1","1","2","2","1","1","1","2","2","2","1","1","2","2","1","2","1","1","2","1","2","2","2","1","2","1","2","2","2","1","2","2","2","1","1","2","2","1","1","2","2","2","1","1","1","2","2","1","1","2","1","2","2","1","2","1","1","1","1","1","2","1","2","2","3","1","3","2","1","2","2","4","4","1","3","6","5","5"
"105","2","2","1","1","1","1","2","2","2","1","1","2","2","2","2","1","1","1","1","1","2","2","2","2","1","1","2","2","2","1","1","1","1","2","2","1","1","2","2","2","2","1","1","1","2","2","1","1","1","1","2","2","2","2","2","1","1","1","1","2","2","1","1","1","2","2","2","2","1","1","2","2","1","2","2","1","1","2","3","2","3","1","3","2","4","3","1","5","5","6"
"106","2","2","2","1","2","2","1","1","2","1","1","2","1","1","1","1","1","2","1","1","2","1","1","1","2","2","2","2","2","2","1","2","2","1","2","2","2","2","1","2","2","1","1","2","1","1","2","1","1","1","1","1","2","1","1","2","1","1","1","2","2","2","2","2","2","1","2","2","1","2","2","1","2","2","1","1","2","3","1","2","2","3","2","1","4","6","1","6","1","7"
"107","1","1","1","1","1","1","1","1","1","1","1","1","1","1","1","1","1","1","1","1","1","1","1","1","1","1","1","1","1","1","1","1","1","1","1","2","2","2","2","2","2","2","2","2","2","2","2","2","2","2","2","2","2","2","2","2","2","2","2","2","2","2","2","2","2","2","2","2","2","2","1","1","2","2","1","1","3","3","3","1","2","1","2","2","2","1","4","5","6","9"
"108","2","2","2","2","2","1","2","2","1","1","2","1","1","1","1","1","2","1","2","2","2","1","2","1","2","1","2","1","2","1","2","1","1","1","2","2","2","2","2","2","1","2","2","1","1","2","1","1","1","1","1","2","1","2","2","2","1","2","1","2","1","2","1","2","1","2","1","1","1","2","2","2","2","1","1","2","2","2","1","1","2","1","3","1","6","1","6","3","5","11"
"109","2","2","2","2","2","2","2","2","2","2","2","2","2","2","2","2","2","2","2","2","2","2","2","2","2","2","2","2","2","2","2","2","2","2","2","1","1","1","1","1","1","1","1","1","1","1","1","1","1","1","1","1","1","1","1","1","1","1","1","1","1","1","1","1","1","1","1","1","1","1","1","1","2","2","1","1","3","3","3","1","2","1","2","4","2","1","4","5","6","9"
"110","2","2","1","2","2","2","2","2","1","2","1","1","1","1","1","2","1","1","1","2","1","2","1","2","2","2","2","2","1","1","1","2","1","2","1","2","2","1","2","2","2","2","2","1","2","1","1","1","1","1","2","1","1","1","2","1","2","1","2","2","2","2","2","1","1","1","2","1","2","1","1","2","2","2","2","1","2","3","3","2","1","1","3","1","5","5","6","4","1","3"
"111","1","1","2","2","1","2","2","2","1","2","2","1","1","2","1","2","1","2","1","1","2","2","2","1","1","1","1","2","2","1","1","2","2","1","2","1","1","2","2","1","2","2","2","1","2","2","1","1","2","1","2","1","2","1","1","2","2","2","1","1","1","1","2","2","1","1","2","2","1","2","1","1","1","2","2","2","1","3","1","1","3","2","2","1","2","6","6","1","5","12"
"112","1","2","2","1","1","2","2","1","2","2","1","1","2","2","1","1","2","1","1","2","2","1","1","2","2","1","1","2","1","1","2","2","1","1","2","2","1","1","2","2","1","1","2","1","1","2","2","1","1","2","2","1","2","2","1","1","2","2","1","1","2","2","1","2","2","1","1","2","2","1","1","1","1","2","2","1","3","3","2","2","3","2","1","4","1","2","1","4","6","11"
"113","2","1","2","1","1","2","1","2","2","2","1","2","1","1","2","1","2","2","1","2","1","2","2","1","2","1","1","1","2","1","2","2","1","2","1","2","1","2","1","1","2","1","2","2","2","1","2","1","1","2","1","2","2","1","2","1","2","2","1","2","1","1","1","2","1","2","2","1","2","1","2","1","2","2","1","1","3","1","2","3","3","1","3","1","2","4","5","4","5","7"
"114","1","2","1","2","2","1","2","1","2","2","1","1","1","1","2","2","1","2","1","1","2","1","2","1","2","1","1","2","2","2","2","1","1","2","1","2","1","2","1","1","2","1","2","1","1","2","2","2","2","1","1","2","1","2","2","1","2","1","2","1","2","2","1","1","1","1","2","2","1","2","2","2","2","2","2","2","3","3","3","3","3","3","3","4","6","6","6","6","6","1"
"115","1","2","1","1","1","2","2","1","1","2","2","2","1","2","1","1","2","1","1","2","1","1","2","1","1","2","2","2","2","2","2","1","2","2","1","1","2","1","1","1","2","2","1","1","2","2","2","1","2","1","1","2","1","1","2","1","1","2","1","1","2","2","2","2","2","2","1","2","2","1","2","2","1","2","1","1","3","1","3","2","1","2","2","1","1","4","6","3","2","5"
"116","2","1","2","1","2","1","2","2","1","2","1","2","1","1","1","1","2","1","2","1","2","1","2","2","1","1","1","2","1","2","1","2","2","2","1","2","1","2","1","2","1","2","2","1","2","1","2","1","1","1","1","2","1","2","1","2","1","2","2","1","1","1","2","1","2","1","2","2","2","1","2","1","2","2","1","1","1","2","3","1","1","2","1","3","6","2","3","2","3","7"
"117","2","1","2","1","1","2","1","2","1","1","2","2","2","2","1","1","2","1","2","2","1","2","1","2","1","2","2","1","1","1","1","2","2","1","2","2","1","2","1","1","2","1","2","1","1","2","2","2","2","1","1","2","1","2","2","1","2","1","2","1","2","2","1","1","1","1","2","2","1","2","2","2","1","2","1","1","2","3","2","1","3","1","1","1","3","6","2","5","4","5"
"118","1","1","1","2","2","2","1","1","1","1","1","2","1","2","2","2","2","1","1","1","2","1","2","2","2","1","2","1","1","1","2","2","2","2","2","1","1","1","2","2","2","1","1","1","1","1","2","1","2","2","2","2","1","1","1","2","1","2","2","2","1","2","1","1","1","2","2","2","2","2","1","2","1","2","1","2","2","1","1","3","3","1","2","1","4","5","3","2","6","4"
"119","1","1","2","1","2","2","2","1","2","2","1","2","1","1","1","2","1","1","2","1","1","2","2","2","1","2","2","1","2","1","2","1","1","1","2","2","2","1","2","1","1","1","2","1","1","2","1","2","2","2","1","2","2","1","2","2","1","1","1","2","1","1","2","1","2","1","2","2","2","1","1","1","1","2","2","1","2","2","1","1","2","1","3","4","3","4","3","6","2","11"
"120","1","2","2","1","1","1","1","2","1","1","1","1","2","1","1","2","1","2","1","2","2","1","2","2","1","2","2","1","2","1","2","2","2","2","1","1","2","2","1","1","1","1","2","1","1","1","1","2","1","1","2","1","2","1","2","2","1","2","2","1","2","2","1","2","1","2","2","2","2","1","1","2","2","2","2","1","1","2","2","1","3","3","2","3","1","1","2","6","3","3"
"121","1","2","2","1","2","2","2","2","1","1","1","2","1","2","2","2","2","2","1","2","2","2","1","1","1","1","2","1","1","2","1","1","1","1","1","1","2","2","1","2","2","2","2","1","1","1","2","1","2","2","2","2","2","1","2","2","2","1","1","1","1","2","1","1","2","1","1","1","1","1","2","1","1","1","2","1","3","2","1","2","1","1","2","3","6","3","2","4","6","2"
"122","2","1","1","2","2","2","1","2","2","1","2","2","1","2","1","1","1","2","1","2","2","1","2","2","1","2","1","2","1","1","2","1","1","1","1","1","2","2","1","1","1","2","1","1","2","1","1","2","1","2","2","2","1","2","1","1","2","1","1","2","1","2","1","2","2","1","2","2","2","2","2","1","1","2","1","2","2","2","3","3","3","2","2","4","3","1","4","4","1","10"
"123","1","2","1","1","1","2","1","2","1","1","2","2","1","1","2","2","1","1","2","2","1","1","2","2","2","1","1","2","2","2","1","2","1","1","2","1","2","1","1","1","2","1","2","1","1","2","2","1","1","2","2","1","1","2","2","1","1","2","2","2","1","1","2","2","2","1","2","1","1","2","1","1","1","2","2","2","3","2","3","3","2","1","1","3","4","2","2","3","1","12"
"124","1","1","2","1","2","2","2","1","2","2","1","2","1","1","1","2","1","1","2","1","1","2","2","2","1","2","2","1","2","1","2","1","1","1","2","1","1","2","1","2","2","2","1","2","2","1","2","1","1","1","2","1","1","2","1","1","2","2","2","1","2","2","1","2","1","2","1","1","1","2","1","1","1","1","1","1","3","3","3","3","3","3","3","3","3","3","3","3","3","1"
"125","2","2","2","1","1","1","2","2","2","2","2","1","2","1","1","1","1","2","2","2","1","2","1","1","1","2","1","2","2","2","1","1","1","1","1","2","2","2","1","1","1","2","2","2","2","2","1","2","1","1","1","1","2","2","2","1","2","1","1","1","2","1","2","2","2","1","1","1","1","1","1","2","1","2","1","2","2","1","1","3","3","1","2","3","4","5","3","2","6","4"
"126","2","1","2","2","2","1","1","2","2","1","1","1","2","1","2","2","1","2","2","1","2","2","1","2","2","1","1","1","1","1","1","2","1","1","2","1","2","1","1","1","2","2","1","1","2","2","2","1","2","1","1","2","1","1","2","1","1","2","1","1","2","2","2","2","2","2","1","2","2","1","2","1","1","1","1","2","2","3","3","2","1","1","3","4","2","2","3","1","4","3"
"127","2","1","1","1","1","2","2","1","1","1","2","1","1","2","1","1","1","2","2","1","2","2","1","2","2","1","2","1","2","2","2","2","1","2","1","2","1","1","1","1","2","2","1","1","1","2","1","1","2","1","1","1","2","2","1","2","2","1","2","2","1","2","1","2","2","2","2","1","2","1","2","1","2","2","2","2","2","1","3","1","2","2","3","3","1","3","5","1","6","8"
"128","1","1","1","1","2","2","2","1","1","1","1","1","2","1","2","1","2","2","2","2","2","2","2","2","2","2","1","2","2","1","1","1","2","1","1","1","1","1","1","2","2","2","1","1","1","1","1","2","1","2","1","2","2","2","2","2","2","2","2","2","2","1","2","2","1","1","1","2","1","1","2","2","1","1","2","2","3","3","3","1","2","1","2","1","5","4","1","2","3","9"
"129","2","2","1","2","1","2","2","1","2","1","1","2","2","1","1","2","1","1","2","2","2","2","2","1","1","1","1","1","1","2","2","2","2","1","1","1","1","2","1","2","1","1","2","1","2","2","1","1","2","2","1","2","2","1","1","1","1","1","2","2","2","2","2","2","1","1","1","1","2","2","2","1","1","2","1","2","3","3","1","1","1","3","3","2","1","5","2","2","5","10"
"130","1","2","2","1","2","1","2","2","2","1","2","1","1","2","2","1","1","1","1","1","1","2","2","2","2","2","1","1","1","2","2","2","2","1","1","2","1","1","2","1","2","1","1","1","2","1","2","2","1","1","2","2","2","2","2","2","1","1","1","1","1","2","2","2","1","1","1","1","2","2","2","1","2","1","2","1","3","2","2","1","1","2","3","2","5","6","4","3","1","4"
"131","1","1","2","1","2","1","1","2","1","2","2","1","1","2","2","1","2","2","1","1","1","1","1","2","2","2","2","2","2","1","1","1","1","2","2","1","1","2","1","2","1","1","2","1","2","2","1","1","2","2","1","2","2","1","1","1","1","1","2","2","2","2","2","2","1","1","1","1","2","2","2","2","1","2","1","1","1","2","1","3","2","3","3","3","5","2","4","1","6","5"
"132","1","1","1","2","1","1","2","2","1","1","1","2","2","1","1","1","2","2","1","1","1","2","2","1","2","2","2","2","1","2","2","2","1","1","2","2","2","2","1","2","2","1","1","2","2","2","1","1","2","2","2","1","1","2","2","2","1","1","2","1","1","1","1","2","1","1","1","2","2","1","2","1","2","1","2","1","2","1","1","3","3","1","2","4","1","2","6","5","3","4"
"133","1","2","1","1","1","2","1","2","1","1","2","2","1","1","2","2","1","1","2","2","1","1","2","2","2","1","1","2","2","2","1","2","1","1","2","2","1","2","2","2","1","2","1","2","2","1","1","2","2","1","1","2","2","1","1","2","2","1","1","1","2","2","1","1","1","2","1","2","2","1","1","1","2","1","2","2","1","2","1","3","2","3","3","4","2","5","1","4","3","5"
"134","2","1","1","2","1","2","1","1","1","2","1","2","2","1","1","2","2","2","2","2","2","1","1","1","1","1","2","2","2","1","1","1","1","2","2","1","2","2","1","2","1","2","2","2","1","2","1","1","2","2","1","1","1","1","1","1","2","2","2","2","2","1","1","1","2","2","2","2","1","1","2","1","2","1","2","1","3","2","2","1","1","2","3","4","5","6","4","3","1","4"
"135","2","2","2","2","2","2","2","2","2","2","2","2","2","2","2","2","2","2","2","2","2","2","2","2","2","2","2","2","2","2","2","2","2","2","2","2","2","2","2","2","2","2","2","2","2","2","2","2","2","2","2","2","2","2","2","2","2","2","2","2","2","2","2","2","2","2","2","2","2","2","1","1","1","1","1","1","1","1","1","1","1","1","1","3","1","1","1","1","1","1"
"136","2","2","1","1","1","2","2","2","2","1","1","1","1","2","1","2","2","2","2","1","1","1","2","1","2","2","1","1","1","1","1","1","2","2","2","1","1","2","2","2","1","1","1","1","2","2","2","2","1","2","1","1","1","1","2","2","2","1","2","1","1","2","2","2","2","2","2","1","1","1","2","2","1","2","2","1","3","1","2","1","2","3","2","4","6","5","3","1","1","6"
"137","1","2","2","2","1","2","1","1","2","1","2","1","1","1","2","1","2","1","2","1","2","2","2","1","1","2","2","2","1","1","1","2","1","2","1","2","1","1","1","2","1","2","2","1","2","1","2","2","2","1","2","1","2","1","2","1","1","1","2","2","1","1","1","2","2","2","1","2","1","2","2","2","2","2","2","2","2","2","2","2","2","2","2","4","2","2","2","2","2","1"
"138","1","1","2","2","1","2","2","2","2","1","2","2","2","1","1","2","2","1","1","1","2","1","1","2","2","2","1","1","2","2","1","1","1","2","1","2","2","1","1","2","1","1","1","1","2","1","1","1","2","2","1","1","2","2","2","1","2","2","1","1","1","2","2","1","1","2","2","2","1","2","2","1","1","1","1","2","3","1","1","3","2","2","1","2","6","6","1","5","2","3"
"139","2","1","1","1","1","2","2","1","1","1","2","1","1","2","1","1","1","2","2","1","2","2","1","2","2","1","2","1","2","2","2","2","1","2","1","1","2","2","2","2","1","1","2","2","2","1","2","2","1","2","2","2","1","1","2","1","1","2","1","1","2","1","2","1","1","1","1","2","1","2","2","2","1","2","2","1","2","3","1","3","1","2","1","4","2","1","5","3","3","6"
"140","1","2","1","2","2","1","2","1","2","2","1","1","1","1","2","2","1","2","1","1","2","1","2","1","2","1","1","2","2","2","2","1","1","2","1","1","2","1","2","2","1","2","1","2","2","1","1","1","1","2","2","1","2","1","1","2","1","2","1","2","1","1","2","2","2","2","1","1","2","1","2","2","1","2","1","1","2","3","2","1","3","1","1","3","3","6","2","5","4","5"
"141","2","1","2","1","2","1","2","2","1","2","1","2","1","1","1","1","2","1","2","1","2","1","2","2","1","1","1","2","1","2","1","2","2","2","1","1","2","1","2","1","2","1","1","2","1","2","1","2","2","2","2","1","2","1","2","1","2","1","1","2","2","2","1","2","1","2","1","1","1","2","2","2","2","1","1","1","3","2","3","3","2","1","1","4","1","5","5","6","4","12"
"142","2","1","2","2","1","1","1","1","2","1","1","1","1","2","1","2","2","1","1","2","1","2","2","2","2","1","2","2","2","2","1","1","2","1","1","2","1","2","2","1","1","1","1","2","1","1","1","1","2","1","2","2","1","1","2","1","2","2","2","2","1","2","2","2","2","1","1","2","1","1","2","1","2","2","2","2","3","2","1","2","3","3","1","3","5","1","3","5","4","8"
"143","2","1","2","2","2","2","2","1","1","1","1","1","2","2","2","1","1","1","1","2","1","1","2","1","1","2","1","1","2","2","1","2","1","2","2","1","2","1","1","1","1","1","2","2","2","2","2","1","1","1","2","2","2","2","1","2","2","1","2","2","1","2","2","1","1","2","1","2","1","1","2","2","2","2","2","2","1","1","1","1","1","1","1","4","4","4","4","4","4","1"
"144","2","1","1","2","1","1","1","1","2","2","2","1","2","1","1","1","1","1","2","1","1","1","2","2","2","2","1","2","2","1","2","2","2","2","2","1","2","2","1","2","2","2","2","1","1","1","2","1","2","2","2","2","2","1","2","2","2","1","1","1","1","2","1","1","2","1","1","1","1","1","1","2","1","1","1","1","1","3","2","3","1","1","2","2","6","2","4","6","5","8"
